[
  {
    "id": "9d4ae66e-cda8-4457-bc62-c3601a130326",
    "data": [
      {
        "text": "யூர் வெல்கம்",
        "userDefined": false
      }
    ],
    "isTemplate": false,
    "count": 1,
    "lang": "ta",
    "updated": 0
  },
  {
    "id": "99ef730f-50db-448d-ac61-f6920b1aa51a",
    "data": [
      {
        "text": "வெல்கம்",
        "userDefined": false
      }
    ],
    "isTemplate": false,
    "count": 0,
    "lang": "ta",
    "updated": 0
  },
  {
    "id": "4efa992e-133a-47ce-993a-d53af125b9f3",
    "data": [
      {
        "text": "யூர் சோ வெல்கம்",
        "userDefined": false
      }
    ],
    "isTemplate": false,
    "count": 0,
    "lang": "ta",
    "updated": 0
  },
  {
    "id": "11df8cc7-a281-426a-a5d7-fcd317ecd036",
    "data": [
      {
        "text": "சந்தோஷம்",
        "userDefined": false
      }
    ],
    "isTemplate": false,
    "count": 0,
    "lang": "ta",
    "updated": 0
  },
  {
    "id": "888e2ea7-464b-4b8c-b580-6df6c71760c3",
    "data": [
      {
        "text": "ஷூர் வெல்கம்",
        "userDefined": false
      }
    ],
    "isTemplate": false,
    "count": 0,
    "lang": "ta",
    "updated": 0
  },
  {
    "id": "38d8ecf0-19f1-4aa7-8607-ae82a7c0eb7e",
    "data": [
      {
        "text": "எனக்கு சந்தோஷம்",
        "userDefined": false
      }
    ],
    "isTemplate": false,
    "count": 0,
    "lang": "ta",
    "updated": 0
  }
]