[
  {
    "id": "0ee1d960-3768-4498-b55f-d7634faa1ed2",
    "data": [
      {
        "text": "येथे स्वागत आहे",
        "userDefined": false
      }
    ],
    "isTemplate": false,
    "count": 0,
    "lang": "mr",
    "updated": 0
  },
  {
    "id": "517e2ee0-d507-44a5-83a2-7115af0860c6",
    "data": [
      {
        "text": "सुस्वागतम",
        "userDefined": false
      }
    ],
    "isTemplate": false,
    "count": 0,
    "lang": "mr",
    "updated": 0
  },
  {
    "id": "6c7795cc-836b-422d-8112-96b2d20981d3",
    "data": [
      {
        "text": "तुमचे मनापासून स्वागत आहे",
        "userDefined": false
      }
    ],
    "isTemplate": false,
    "count": 0,
    "lang": "mr",
    "updated": 0
  },
  {
    "id": "0064356e-3ac8-48f2-b9a8-d2f0619005fe",
    "data": [
      {
        "text": "ही माझ्यासाठी आनंदाची गोष्ट आहे",
        "userDefined": false
      }
    ],
    "isTemplate": false,
    "count": 0,
    "lang": "mr",
    "updated": 0
  },
  {
    "id": "c098b874-3538-47e1-9fac-c99c77062d70",
    "data": [
      {
        "text": "नक्कीच स्वागत आहे",
        "userDefined": false
      }
    ],
    "isTemplate": false,
    "count": 0,
    "lang": "mr",
    "updated": 0
  },
  {
    "id": "5faca502-f7b4-441c-8703-d3a8dc2acdc9",
    "data": [
      {
        "text": "माझे सौभाग्य",
        "userDefined": false
      }
    ],
    "isTemplate": false,
    "count": 0,
    "lang": "mr",
    "updated": 0
  },
  {
    "id": "ec9f498d-0834-46a2-b47d-86a441032dc3",
    "data": [
      {
        "text": "तुमचे स्वागत आहे",
        "userDefined": false
      }
    ],
    "isTemplate": false,
    "count": 0,
    "lang": "mr",
    "updated": 0
  }
]