[
  {
    "id": "45c8cf4e-f820-46dd-8dfd-b08107084479",
    "data": [
      {
        "text": "eftermiddag",
        "userDefined": false
      }
    ],
    "isTemplate": false,
    "count": 0,
    "lang": "da",
    "updated": 0
  },
  {
    "id": "9255fc8a-fb4d-45a7-ade1-3194b9e8dab9",
    "data": [
      {
        "text": "hej med dig",
        "userDefined": false
      }
    ],
    "isTemplate": false,
    "count": 0,
    "lang": "da",
    "updated": 0
  },
  {
    "id": "812c746a-04b7-4903-aea2-cf3bf7761899",
    "data": [
      {
        "text": "hejsan",
        "userDefined": false
      }
    ],
    "isTemplate": false,
    "count": 0,
    "lang": "da",
    "updated": 0
  },
  {
    "id": "8ab376f2-aedf-48f0-aab3-3cb7cf43eaa5",
    "data": [
      {
        "text": "en god dag",
        "userDefined": false
      }
    ],
    "isTemplate": false,
    "count": 0,
    "lang": "da",
    "updated": 0
  },
  {
    "id": "5ff1ffeb-9d11-4da3-be35-8630a80c545a",
    "data": [
      {
        "text": "hallo hej",
        "userDefined": false
      }
    ],
    "isTemplate": false,
    "count": 0,
    "lang": "da",
    "updated": 0
  },
  {
    "id": "4e30c1ba-d136-4348-9255-a59bfa4c2be0",
    "data": [
      {
        "text": "hej",
        "userDefined": false
      }
    ],
    "isTemplate": false,
    "count": 0,
    "lang": "da",
    "updated": 0
  },
  {
    "id": "6757559e-eab5-4bc3-8e52-0bda034c90f2",
    "data": [
      {
        "text": "hilsner",
        "userDefined": false
      }
    ],
    "isTemplate": false,
    "count": 0,
    "lang": "da",
    "updated": 0
  },
  {
    "id": "bb1e98e2-7999-46e7-8ed4-058ed40e6c9a",
    "data": [
      {
        "text": "hejsa",
        "userDefined": false
      }
    ],
    "isTemplate": false,
    "count": 0,
    "lang": "da",
    "updated": 0
  },
  {
    "id": "595e1b8a-1fbf-4c67-bb4c-b484a2da64e8",
    "data": [
      {
        "text": "jeg ville bare sige hej",
        "userDefined": false
      }
    ],
    "isTemplate": false,
    "count": 0,
    "lang": "da",
    "updated": 0
  },
  {
    "id": "8206879c-ba6b-4e46-a342-f7678fd7dedd",
    "data": [
      {
        "text": "jeg hilser på dig",
        "userDefined": false
      }
    ],
    "isTemplate": false,
    "count": 0,
    "lang": "da",
    "updated": 0
  },
  {
    "id": "d639c8d9-3fbf-4001-8efc-69c1bf3574c7",
    "data": [
      {
        "text": "hej igen",
        "userDefined": false
      }
    ],
    "isTemplate": false,
    "count": 0,
    "lang": "da",
    "updated": 0
  },
  {
    "id": "a6667df5-e5ff-4f1b-baae-f5af3fcf99ee",
    "data": [
      {
        "text": "det er længe siden",
        "userDefined": false
      }
    ],
    "isTemplate": false,
    "count": 0,
    "lang": "da",
    "updated": 0
  },
  {
    "id": "1caace31-494a-46fe-bb78-11f21f115829",
    "data": [
      {
        "text": "dejlig dag synes du ikke",
        "userDefined": false
      }
    ],
    "isTemplate": false,
    "count": 0,
    "lang": "da",
    "updated": 0
  },
  {
    "id": "8f9cb86c-0c93-4f4b-b306-de63c3cac5c6",
    "data": [
      {
        "text": "davs",
        "userDefined": false
      }
    ],
    "isTemplate": false,
    "count": 0,
    "lang": "da",
    "updated": 0
  }
]