[
  {
    "id": "94660017-da93-4f89-bbbf-d44a2b4cbe22",
    "data": [
      {
        "text": "Make me aware about the menu",
        "userDefined": false
      }
    ],
    "isTemplate": false,
    "count": 0,
    "lang": "en",
    "updated": 0
  },
  {
    "id": "5e0b587d-5657-4e95-a717-5bc8a7866cea",
    "data": [
      {
        "text": "May i know something about the menu?",
        "userDefined": false
      }
    ],
    "isTemplate": false,
    "count": 0,
    "lang": "en",
    "updated": 0
  },
  {
    "id": "fd290feb-124a-43cb-b908-3f0cd0b00016",
    "data": [
      {
        "text": "Show the menu.",
        "userDefined": false
      }
    ],
    "isTemplate": false,
    "count": 0,
    "lang": "en",
    "updated": 0
  },
  {
    "id": "ba98ceb9-2213-4e67-8dbf-daf9c5ff2e96",
    "data": [
      {
        "text": "Can you please show the menu?",
        "userDefined": false
      }
    ],
    "isTemplate": false,
    "count": 0,
    "lang": "en",
    "updated": 0
  }
]