[
  {
    "id": "25a4bd69-7e28-46e5-bff9-c41bb3b1a3b0",
    "data": [
      {
        "text": "which are u famous dishes?",
        "userDefined": false
      }
    ],
    "isTemplate": false,
    "count": 0,
    "lang": "en",
    "updated": 0
  },
  {
    "id": "e15f5b6e-fd13-42aa-8cf9-332aa3577bc9",
    "data": [
      {
        "text": "pls tell something about the famous dishes over here",
        "userDefined": false
      }
    ],
    "isTemplate": false,
    "count": 0,
    "lang": "en",
    "updated": 0
  },
  {
    "id": "f3684309-29e1-43bb-a8d4-7591a2961a52",
    "data": [
      {
        "text": "hey can u share the reviews of any dish",
        "userDefined": false
      }
    ],
    "isTemplate": false,
    "count": 0,
    "lang": "en",
    "updated": 0
  },
  {
    "id": "c16a065d-09bf-471e-a885-458ead26b416",
    "data": [
      {
        "text": "Hey,can u give me some information on some specific dishes?",
        "userDefined": false
      }
    ],
    "isTemplate": false,
    "count": 0,
    "lang": "en",
    "updated": 0
  }
]