[
  {
    "id": "731d5c27-3d21-4697-bb0f-57b6134aa3bc",
    "data": [
      {
        "text": "thanks",
        "userDefined": false
      }
    ],
    "isTemplate": false,
    "count": 0,
    "lang": "en",
    "updated": 0
  },
  {
    "id": "7b9ff3ff-25e3-4ef1-b0c2-6b9a94a66a53",
    "data": [
      {
        "text": "ok i will see on it",
        "userDefined": false
      }
    ],
    "isTemplate": false,
    "count": 0,
    "lang": "en",
    "updated": 0
  },
  {
    "id": "c332fa06-17da-4a60-8b99-4c8eed094a22",
    "data": [
      {
        "text": "u are amazing",
        "userDefined": false
      }
    ],
    "isTemplate": false,
    "count": 0,
    "lang": "en",
    "updated": 0
  },
  {
    "id": "d9bbb1f3-d1f7-4a86-9130-9d5365a1a107",
    "data": [
      {
        "text": "great work",
        "userDefined": false
      }
    ],
    "isTemplate": false,
    "count": 0,
    "lang": "en",
    "updated": 0
  },
  {
    "id": "44f54803-f08c-4124-819c-cfc2f44e0bc8",
    "data": [
      {
        "text": "Thank you",
        "userDefined": false
      }
    ],
    "isTemplate": false,
    "count": 0,
    "lang": "en",
    "updated": 0
  }
]